Workbook

Sheet Gollanma
A1: Kafe Hasabat Faýly
A2: Syýahatçylyk Ofisiniň Kafesi – satuw, çykdaýjy we ammar yzarlamasy
A4: NÄHILI ULANMALY?
A5: 1. 'Harytlar' sahypasyna harytlary, satuw bahalaryny, özüne gymmatlaryny we başlangyç ammary giriziň (mysal bahalary çalşyň).
A6: 2. Her gün 'Satuw' sahypasyna satuwlary giriziň: Sene, Haryt (sanawdan saýlanýar), Sany, Töleg görnüşi (Nagt/Kart). Baha, mukdar we özüne gymmat awtomatiki gelýär.
A7: Maslahat: Gün soňunda her haryt üçin şol günüň jemi sanyny bir setirde girizmek ýeterlikdir.
A8: 3. Kärende, elektrik, işgärler, arassalyk ýaly çykdajylary 'Çykdajylar' sahypasyna ýazyň.
A9: 4. Üpjünçiden haryt gelende 'Haryt Gelişi' sahypasyna ýazyň.
A10: 5. 'Ammar Ýagdaýy' sahypasynda galan ammary we sargyt bermeli harytlary görüň (awtomatiki).
A11: 6. 'Gündelik Hasabat' we 'Aýlyk Jemleme' sahypalary awtomatiki dolýar; ýolbaşçylyga şulary görkezip bilersiňiz.
A13: ÖŇ KODLARY
A14: Sary öýjük / gök ýazgy = siziň girizýän ýeriňiz. Ak öýjük / gara ýazgy = formula, üýtgetmäň.
... A20: • Satuw, Çykdajylar we Haryt Gelişi sahypalary degişlilikde 5000 / 1000 / 1000 setire çenli taýýardyr. 6-njy setirler mysaldyr, pozup bilersiňiz.

Sheet Gündelik Hasabat
A1: Gündelik Hasabat
A2: Sary öýjüge hasabat bermek isleýän gününiziň senesini ýazyň; gün soňy hasabaty awtomatiki döreýär.
A4: Hasabat Senesi | B4: 46302
A6: Jemi Satuw | B6: =SUMIFS(Satuw!$F$6:$F$5005,Satuw!$A$6:$A$5005,$B$4) -> 1530
A7: Nagt | B7: =SUMIFS(Satuw!$F$6:$F$5005,Satuw!$A$6:$A$5005,$B$4,Satuw!$D$6:$D$5005,"Nagt") -> 180
A8: Kart | B8: =SUMIFS(Satuw!$F$6:$F$5005,Satuw!$A$6:$A$5005,$B$4,Satuw!$D$6:$D$5005,"Kart") -> 0
A9: Satylan Harytlaryň Özüne Gymmaty | B9: =SUMIFS(Satuw!$G$6:$G$5005,Satuw!$A$6:$A$5005,$B$4) -> 723
A10: Umumy Peýda | B10: =B6-B9 -> 807
A11: Gündelik Çykdajy | B11: =SUMIFS(Çykdajylar!$D$6:$D$1005,Çykdajylar!$A$6:$A$1005,$B$4) -> 0
A12: Arassa Netije | B12: =B10-B11 -> 807
A13: Satuw Setir Sany | B13: =COUNTIFS(Satuw!$A$6:$A$5005,$B$4,Satuw!$C$6:$C$5005,">0") -> 2
A15: Haryt | B15: Satylan Sany | C15: Mukdary (TMT)
A16: =IF(Harytlar!A5="","",Harytlar!A5) -> Çaý | B16: =IF(A16="","",SUMIFS(Satuw!$C$6:$C$5005,Satuw!$B$6:$B$5005,A16,Satuw!$A$6:$A$5005,$B$4)) -> 12 | C16: =IF(A16="","",SUMIFS(Satuw!$F$6:$F$5005,Satuw!$B$6:$B$5005,A16,Satuw!$A$6:$A$5005,$B$4)) -> 180
A17: =IF(Harytlar!A6="","",Harytlar!A6) -> Türk kofesi | B17: =IF(A17="","",SUMIFS(Satuw!$C$6:$C$5005,Satuw!$B$6:$B$5005,A17,Satuw!$A$6:$A$5005,$B$4)) -> 0 | C17: =IF(A17="","",SUMIFS(Satuw!$F$6:$F$5005,Satuw!$B$6:$B$5005,A17,Satuw!$A$6:$A$5005,$B$4)) -> 0
A18: =IF(Harytlar!A7="","",Harytlar!A7) -> Filtr kofe | B18: =IF(A18="","",SUMIFS(Satuw!$C$6:$C$5005,Satuw!$B$6:$B$5005,A18,Satuw!$A$6:$A$5005,$B$4)) -> 0 | C18: =IF(A18="","",SUMIFS(Satuw!$F$6:$F$5005,Satuw!$B$6:$B$5005,A18,Satuw!$A$6:$A$5005,$B$4)) -> 0
A19: =IF(Harytlar!A8="","",Harytlar!A8) -> Nescafe | B19: =IF(A19="","",SUMIFS(Satuw!$C$6:$C$5005,Satuw!$B$6:$B$5005,A19,Satuw!$A$6:$A$5005,$B$4)) -> 0 | C19: =IF(A19="","",SUMIFS(Satuw!$F$6:$F$5005,Satuw!$B$6:$B$5005,A19,Satuw!$A$6:$A$5005,$B$4)) -> 0
A20: =IF(Harytlar!A9="","",Harytlar!A9) -> Suw 0,5L | B20: =IF(A20="","",SUMIFS(Satuw!$C$6:$C$5005,Satuw!$B$6:$B$5005,A20,Satuw!$A$6:$A$5005,$B$4)) -> 0 | C20: =IF(A20="","",SUMIFS(Satuw!$F$6:$F$5005,Satuw!$B$6:$B$5005,A20,Satuw!$A$6:$A$5005,$B$4)) -> 0
A21: =IF(Harytlar!A10="","",Harytlar!A10) -> Soda | B21: =IF(A21="","",SUMIFS(Satuw!$C$6:$C$5005,Satuw!$B$6:$B$5005,A21,Satuw!$A$6:$A$5005,$B$4)) -> 0 | C21: =IF(A21="","",SUMIFS(Satuw!$F$6:$F$5005,Satuw!$B$6:$B$5005,A21,Satuw!$A$6:$A$5005,$B$4)) -> 0
A22: =IF(Harytlar!A11="","",Harytlar!A11) -> Miwe suwy | B22: =IF(A22="","",SUMIFS(Satuw!$C$6:$C$5005,Satuw!$B$6:$B$5005,A22,Satuw!$A$6:$A$5005,$B$4)) -> 0 | C22: =IF(A22="","",SUMIFS(Satuw!$F$6:$F$5005,Satuw!$B$6:$B$5005,A22,Satuw!$A$6:$A$5005,$B$4)) -> 0
A23: =IF(Harytlar!A12="","",Harytlar!A12) -> Peçenye | B23: =IF(A23="","",SUMIFS(Satuw!$C$6:$C$5005,Satuw!$B$6:$B$5005,A23,Satuw!$A$6:$A$5005,$B$4)) -> 0 | C23: =IF(A23="","",SUMIFS(Satuw!$F$6:$F$5005,Satuw!$B$6:$B$5005,A23,Satuw!$A$6:$A$5005,$B$4)) -> 0
A24: =IF(Harytlar!A13="","",Harytlar!A13) -> Şokolad | B24: =IF(A24="","",SUMIFS(Satuw!$C$6:$C$5005,Satuw!$B$6:$B$5005,A24,Satuw!$A$6:$A$5005,$B$4)) -> 45 | C24: =IF(A24="","",SUMIFS(Satuw!$F$6:$F$5005,Satuw!$B$6:$B$5005,A24,Satuw!$A$6:$A$5005,$B$4)) -> 1350
A25: =IF(Harytlar!A14="","",Harytlar!A14) | B25: =IF(A25="","",SUMIFS(Satuw!$C$6:$C$5005,Satuw!$B$6:$B$5005,A25,Satuw!$A$6:$A$5005,$B$4)) | C25: =IF(A25="","",SUMIFS(Satuw!$F$6:$F$5005,Satuw!$B$6:$B$5005,A25,Satuw!$A$6:$A$5005,$B$4))
A26: =IF(Harytlar!A15="","",Harytlar!A15) | B26: =IF(A26="","",SUMIFS(Satuw!$C$6:$C$5005,Satuw!$B$6:$B$5005,A26,Satuw!$A$6:$A$5005,$B$4)) | C26: =IF(A26="","",SUMIFS(Satuw!$F$6:$F$5005,Satuw!$B$6:$B$5005,A26,Satuw!$A$6:$A$5005,$B$4))
A27: =IF(Harytlar!A16="","",Harytlar!A16) | B27: =IF(A27="","",SUMIFS(Satuw!$C$6:$C$5005,Satuw!$B$6:$B$5005,A27,Satuw!$A$6:$A$5005,$B$4)) | C27: =IF(A27="","",SUMIFS(Satuw!$F$6:$F$5005,Satuw!$B$6:$B$5005,A27,Satuw!$A$6:$A$5005,$B$4))
... A55: =IF(Harytlar!A44="","",Harytlar!A44) | B55: =IF(A55="","",SUMIFS(Satuw!$C$6:$C$5005,Satuw!$B$6:$B$5005,A55,Satuw!$A$6:$A$5005,$B$4)) | C55: =IF(A55="","",SUMIFS(Satuw!$F$6:$F$5005,Satuw!$B$6:$B$5005,A55,Satuw!$A$6:$A$5005,$B$4))

Sheet Aýlyk Jemleme
A1: Aýlyk Jemleme
A2: Ýyl öýjügini üýtgedip başga ýylyň hasabatyny görüp bilersiňiz. Ähli bahalar awtomatiki hasaplanýar.
A4: Ýyl | B4: 2026
A6: Aý | B6: Jemi Satuw (TMT) | C6: Nagt (TMT) | D6: Kart (TMT) | E6: Satylan Harytlaryň Özüne Gymmaty (TMT) | F6: Umumy Peýda (TMT) | G6: Çykdajylar (TMT) | H6: Arassa Peýda (TMT)
A7: Ýanwar | B7: =SUMIFS(Satuw!$F$6:$F$5005,Satuw!$A$6:$A$5005,">="&DATE($B$4,1,1),Satuw!$A$6:$A$5005,"<"&DATE($B$4,2,1)) -> 0 | C7: =SUMIFS(Satuw!$F$6:$F$5005,Satuw!$A$6:$A$5005,">="&DATE($B$4,1,1),Satuw!$A$6:$A$5005,"<"&DATE($B$4,2,1),Satuw!$D$6:$D$5005,"Nagt") -> 0 | D7: =SUMIFS(Satuw!$F$6:$F$5005,Satuw!$A$6:$A$5005,">="&DATE($B$4,1,1),Satuw!$A$6:$A$5005,"<"&DATE($B$4,2,1),Satuw!$D$6:$D$5005,"Kart") -> 0 | E7: =SUMIFS(Satuw!$G$6:$G$5005,Satuw!$A$6:$A$5005,">="&DATE($B$4,1,1),Satuw!$A$6:$A$5005,"<"&DATE($B$4,2,1)) -> 0 | F7: =B7-E7 -> 0 | G7: =SUMIFS(Çykdajylar!$D$6:$D$1005,Çykdajylar!$A$6:$A$1005,">="&DATE($B$4,1,1),Çykdajylar!$A$6:$A$1005,"<"&DATE($B$4,2,1)) -> 0 | H7: =F7-G7 -> 0
A8: Fewral | B8: =SUMIFS(Satuw!$F$6:$F$5005,Satuw!$A$6:$A$5005,">="&DATE($B$4,2,1),Satuw!$A$6:$A$5005,"<"&DATE($B$4,3,1)) -> 0 | C8: =SUMIFS(Satuw!$F$6:$F$5005,Satuw!$A$6:$A$5005,">="&DATE($B$4,2,1),Satuw!$A$6:$A$5005,"<"&DATE($B$4,3,1),Satuw!$D$6:$D$5005,"Nagt") -> 0 | D8: =SUMIFS(Satuw!$F$6:$F$5005,Satuw!$A$6:$A$5005,">="&DATE($B$4,2,1),Satuw!$A$6:$A$5005,"<"&DATE($B$4,3,1),Satuw!$D$6:$D$5005,"Kart") -> 0 | E8: =SUMIFS(Satuw!$G$6:$G$5005,Satuw!$A$6:$A$5005,">="&DATE($B$4,2,1),Satuw!$A$6:$A$5005,"<"&DATE($B$4,3,1)) -> 0 | F8: =B8-E8 -> 0 | G8: =SUMIFS(Çykdajylar!$D$6:$D$1005,Çykdajylar!$A$6:$A$1005,">="&DATE($B$4,2,1),Çykdajylar!$A$6:$A$1005,"<"&DATE($B$4,3,1)) -> 0 | H8: =F8-G8 -> 0
A9: Mart | B9: =SUMIFS(Satuw!$F$6:$F$5005,Satuw!$A$6:$A$5005,">="&DATE($B$4,3,1),Satuw!$A$6:$A$5005,"<"&DATE($B$4,4,1)) -> 0 | C9: =SUMIFS(Satuw!$F$6:$F$5005,Satuw!$A$6:$A$5005,">="&DATE($B$4,3,1),Satuw!$A$6:$A$5005,"<"&DATE($B$4,4,1),Satuw!$D$6:$D$5005,"Nagt") -> 0 | D9: =SUMIFS(Satuw!$F$6:$F$5005,Satuw!$A$6:$A$5005,">="&DATE($B$4,3,1),Satuw!$A$6:$A$5005,"<"&DATE($B$4,4,1),Satuw!$D$6:$D$5005,"Kart") -> 0 | E9: =SUMIFS(Satuw!$G$6:$G$5005,Satuw!$A$6:$A$5005,">="&DATE($B$4,3,1),Satuw!$A$6:$A$5005,"<"&DATE($B$4,4,1)) -> 0 | F9: =B9-E9 -> 0 | G9: =SUMIFS(Çykdajylar!$D$6:$D$1005,Çykdajylar!$A$6:$A$1005,">="&DATE($B$4,3,1),Çykdajylar!$A$6:$A$1005,"<"&DATE($B$4,4,1)) -> 0 | H9: =F9-G9 -> 0
A10: Aprel | B10: =SUMIFS(Satuw!$F$6:$F$5005,Satuw!$A$6:$A$5005,">="&DATE($B$4,4,1),Satuw!$A$6:$A$5005,"<"&DATE($B$4,5,1)) -> 0 | C10: =SUMIFS(Satuw!$F$6:$F$5005,Satuw!$A$6:$A$5005,">="&DATE($B$4,4,1),Satuw!$A$6:$A$5005,"<"&DATE($B$4,5,1),Satuw!$D$6:$D$5005,"Nagt") -> 0 | D10: =SUMIFS(Satuw!$F$6:$F$5005,Satuw!$A$6:$A$5005,">="&DATE($B$4,4,1),Satuw!$A$6:$A$5005,"<"&DATE($B$4,5,1),Satuw!$D$6:$D$5005,"Kart") -> 0 | E10: =SUMIFS(Satuw!$G$6:$G$5005,Satuw!$A$6:$A$5005,">="&DATE($B$4,4,1),Satuw!$A$6:$A$5005,"<"&DATE($B$4,5,1)) -> 0 | F10: =B10-E10 -> 0 | G10: =SUMIFS(Çykdajylar!$D$6:$D$1005,Çykdajylar!$A$6:$A$1005,">="&DATE($B$4,4,1),Çykdajylar!$A$6:$A$1005,"<"&DATE($B$4,5,1)) -> 0 | H10: =F10-G10 -> 0
A11: Maý | B11: =SUMIFS(Satuw!$F$6:$F$5005,Satuw!$A$6:$A$5005,">="&DATE($B$4,5,1),Satuw!$A$6:$A$5005,"<"&DATE($B$4,6,1)) -> 0 | C11: =SUMIFS(Satuw!$F$6:$F$5005,Satuw!$A$6:$A$5005,">="&DATE($B$4,5,1),Satuw!$A$6:$A$5005,"<"&DATE($B$4,6,1),Satuw!$D$6:$D$5005,"Nagt") -> 0 | D11: =SUMIFS(Satuw!$F$6:$F$5005,Satuw!$A$6:$A$5005,">="&DATE($B$4,5,1),Satuw!$A$6:$A$5005,"<"&DATE($B$4,6,1),Satuw!$D$6:$D$5005,"Kart") -> 0 | E11: =SUMIFS(Satuw!$G$6:$G$5005,Satuw!$A$6:$A$5005,">="&DATE($B$4,5,1),Satuw!$A$6:$A$5005,"<"&DATE($B$4,6,1)) -> 0 | F11: =B11-E11 -> 0 | G11: =SUMIFS(Çykdajylar!$D$6:$D$1005,Çykdajylar!$A$6:$A$1005,">="&DATE($B$4,5,1),Çykdajylar!$A$6:$A$1005,"<"&DATE($B$4,6,1)) -> 0 | H11: =F11-G11 -> 0
A12: Iýun | B12: =SUMIFS(Satuw!$F$6:$F$5005,Satuw!$A$6:$A$5005,">="&DATE($B$4,6,1),Satuw!$A$6:$A$5005,"<"&DATE($B$4,7,1)) -> 0 | C12: =SUMIFS(Satuw!$F$6:$F$5005,Satuw!$A$6:$A$5005,">="&DATE($B$4,6,1),Satuw!$A$6:$A$5005,"<"&DATE($B$4,7,1),Satuw!$D$6:$D$5005,"Nagt") -> 0 | D12: =SUMIFS(Satuw!$F$6:$F$5005,Satuw!$A$6:$A$5005,">="&DATE($B$4,6,1),Satuw!$A$6:$A$5005,"<"&DATE($B$4,7,1),Satuw!$D$6:$D$5005,"Kart") -> 0 | E12: =SUMIFS(Satuw!$G$6:$G$5005,Satuw!$A$6:$A$5005,">="&DATE($B$4,6,1),Satuw!$A$6:$A$5005,"<"&DATE($B$4,7,1)) -> 0 | F12: =B12-E12 -> 0 | G12: =SUMIFS(Çykdajylar!$D$6:$D$1005,Çykdajylar!$A$6:$A$1005,">="&DATE($B$4,6,1),Çykdajylar!$A$6:$A$1005,"<"&DATE($B$4,7,1)) -> 0 | H12: =F12-G12 -> 0
A13: Iýul | B13: =SUMIFS(Satuw!$F$6:$F$5005,Satuw!$A$6:$A$5005,">="&DATE($B$4,7,1),Satuw!$A$6:$A$5005,"<"&DATE($B$4,8,1)) -> 0 | C13: =SUMIFS(Satuw!$F$6:$F$5005,Satuw!$A$6:$A$5005,">="&DATE($B$4,7,1),Satuw!$A$6:$A$5005,"<"&DATE($B$4,8,1),Satuw!$D$6:$D$5005,"Nagt") -> 0 | D13: =SUMIFS(Satuw!$F$6:$F$5005,Satuw!$A$6:$A$5005,">="&DATE($B$4,7,1),Satuw!$A$6:$A$5005,"<"&DATE($B$4,8,1),Satuw!$D$6:$D$5005,"Kart") -> 0 | E13: =SUMIFS(Satuw!$G$6:$G$5005,Satuw!$A$6:$A$5005,">="&DATE($B$4,7,1),Satuw!$A$6:$A$5005,"<"&DATE($B$4,8,1)) -> 0 | F13: =B13-E13 -> 0 | G13: =SUMIFS(Çykdajylar!$D$6:$D$1005,Çykdajylar!$A$6:$A$1005,">="&DATE($B$4,7,1),Çykdajylar!$A$6:$A$1005,"<"&DATE($B$4,8,1)) -> 0 | H13: =F13-G13 -> 0
A14: Awgust | B14: =SUMIFS(Satuw!$F$6:$F$5005,Satuw!$A$6:$A$5005,">="&DATE($B$4,8,1),Satuw!$A$6:$A$5005,"<"&DATE($B$4,9,1)) -> 0 | C14: =SUMIFS(Satuw!$F$6:$F$5005,Satuw!$A$6:$A$5005,">="&DATE($B$4,8,1),Satuw!$A$6:$A$5005,"<"&DATE($B$4,9,1),Satuw!$D$6:$D$5005,"Nagt") -> 0 | D14: =SUMIFS(Satuw!$F$6:$F$5005,Satuw!$A$6:$A$5005,">="&DATE($B$4,8,1),Satuw!$A$6:$A$5005,"<"&DATE($B$4,9,1),Satuw!$D$6:$D$5005,"Kart") -> 0 | E14: =SUMIFS(Satuw!$G$6:$G$5005,Satuw!$A$6:$A$5005,">="&DATE($B$4,8,1),Satuw!$A$6:$A$5005,"<"&DATE($B$4,9,1)) -> 0 | F14: =B14-E14 -> 0 | G14: =SUMIFS(Çykdajylar!$D$6:$D$1005,Çykdajylar!$A$6:$A$1005,">="&DATE($B$4,8,1),Çykdajylar!$A$6:$A$1005,"<"&DATE($B$4,9,1)) -> 0 | H14: =F14-G14 -> 0
A15: Sentýabr | B15: =SUMIFS(Satuw!$F$6:$F$5005,Satuw!$A$6:$A$5005,">="&DATE($B$4,9,1),Satuw!$A$6:$A$5005,"<"&DATE($B$4,10,1)) -> 0 | C15: =SUMIFS(Satuw!$F$6:$F$5005,Satuw!$A$6:$A$5005,">="&DATE($B$4,9,1),Satuw!$A$6:$A$5005,"<"&DATE($B$4,10,1),Satuw!$D$6:$D$5005,"Nagt") -> 0 | D15: =SUMIFS(Satuw!$F$6:$F$5005,Satuw!$A$6:$A$5005,">="&DATE($B$4,9,1),Satuw!$A$6:$A$5005,"<"&DATE($B$4,10,1),Satuw!$D$6:$D$5005,"Kart") -> 0 | E15: =SUMIFS(Satuw!$G$6:$G$5005,Satuw!$A$6:$A$5005,">="&DATE($B$4,9,1),Satuw!$A$6:$A$5005,"<"&DATE($B$4,10,1)) -> 0 | F15: =B15-E15 -> 0 | G15: =SUMIFS(Çykdajylar!$D$6:$D$1005,Çykdajylar!$A$6:$A$1005,">="&DATE($B$4,9,1),Çykdajylar!$A$6:$A$1005,"<"&DATE($B$4,10,1)) -> 0 | H15: =F15-G15 -> 0
A16: Oktýabr | B16: =SUMIFS(Satuw!$F$6:$F$5005,Satuw!$A$6:$A$5005,">="&DATE($B$4,10,1),Satuw!$A$6:$A$5005,"<"&DATE($B$4,11,1)) -> 1530 | C16: =SUMIFS(Satuw!$F$6:$F$5005,Satuw!$A$6:$A$5005,">="&DATE($B$4,10,1),Satuw!$A$6:$A$5005,"<"&DATE($B$4,11,1),Satuw!$D$6:$D$5005,"Nagt") -> 180 | D16: =SUMIFS(Satuw!$F$6:$F$5005,Satuw!$A$6:$A$5005,">="&DATE($B$4,10,1),Satuw!$A$6:$A$5005,"<"&DATE($B$4,11,1),Satuw!$D$6:$D$5005,"Kart") -> 0 | E16: =SUMIFS(Satuw!$G$6:$G$5005,Satuw!$A$6:$A$5005,">="&DATE($B$4,10,1),Satuw!$A$6:$A$5005,"<"&DATE($B$4,11,1)) -> 723 | F16: =B16-E16 -> 807 | G16: =SUMIFS(Çykdajylar!$D$6:$D$1005,Çykdajylar!$A$6:$A$1005,">="&DATE($B$4,10,1),Çykdajylar!$A$6:$A$1005,"<"&DATE($B$4,11,1)) -> 350 | H16: =F16-G16 -> 457
A17: Noýabr | B17: =SUMIFS(Satuw!$F$6:$F$5005,Satuw!$A$6:$A$5005,">="&DATE($B$4,11,1),Satuw!$A$6:$A$5005,"<"&DATE($B$4,12,1)) -> 0 | C17: =SUMIFS(Satuw!$F$6:$F$5005,Satuw!$A$6:$A$5005,">="&DATE($B$4,11,1),Satuw!$A$6:$A$5005,"<"&DATE($B$4,12,1),Satuw!$D$6:$D$5005,"Nagt") -> 0 | D17: =SUMIFS(Satuw!$F$6:$F$5005,Satuw!$A$6:$A$5005,">="&DATE($B$4,11,1),Satuw!$A$6:$A$5005,"<"&DATE($B$4,12,1),Satuw!$D$6:$D$5005,"Kart") -> 0 | E17: =SUMIFS(Satuw!$G$6:$G$5005,Satuw!$A$6:$A$5005,">="&DATE($B$4,11,1),Satuw!$A$6:$A$5005,"<"&DATE($B$4,12,1)) -> 0 | F17: =B17-E17 -> 0 | G17: =SUMIFS(Çykdajylar!$D$6:$D$1005,Çykdajylar!$A$6:$A$1005,">="&DATE($B$4,11,1),Çykdajylar!$A$6:$A$1005,"<"&DATE($B$4,12,1)) -> 0 | H17: =F17-G17 -> 0
A18: Dekabr | B18: =SUMIFS(Satuw!$F$6:$F$5005,Satuw!$A$6:$A$5005,">="&DATE($B$4,12,1),Satuw!$A$6:$A$5005,"<"&DATE($B$4,13,1)) -> 0 | C18: =SUMIFS(Satuw!$F$6:$F$5005,Satuw!$A$6:$A$5005,">="&DATE($B$4,12,1),Satuw!$A$6:$A$5005,"<"&DATE($B$4,13,1),Satuw!$D$6:$D$5005,"Nagt") -> 0 | D18: =SUMIFS(Satuw!$F$6:$F$5005,Satuw!$A$6:$A$5005,">="&DATE($B$4,12,1),Satuw!$A$6:$A$5005,"<"&DATE($B$4,13,1),Satuw!$D$6:$D$5005,"Kart") -> 0 | E18: =SUMIFS(Satuw!$G$6:$G$5005,Satuw!$A$6:$A$5005,">="&DATE($B$4,12,1),Satuw!$A$6:$A$5005,"<"&DATE($B$4,13,1)) -> 0 | F18: =B18-E18 -> 0 | G18: =SUMIFS(Çykdajylar!$D$6:$D$1005,Çykdajylar!$A$6:$A$1005,">="&DATE($B$4,12,1),Çykdajylar!$A$6:$A$1005,"<"&DATE($B$4,13,1)) -> 0 | H18: =F18-G18 -> 0
A19: JEMI | B19: =SUM(B7:B18) -> 1530 | C19: =SUM(C7:C18) -> 180 | D19: =SUM(D7:D18) -> 0 | E19: =SUM(E7:E18) -> 723 | F19: =SUM(F7:F18) -> 807 | G19: =SUM(G7:G18) -> 350 | H19: =SUM(H7:H18) -> 457
A21: Bellik: Umumy Peýda = Satuw − Satylan Harytlaryň Özüne Gymmaty; Arassa Peýda = Umumy Peýda − Çykdajylar.

Sheet Satuw
A1: Satuw Ýazgylary
A2: Her satuw üçin sary ýerlere Sene, Haryt, Sany we Töleg görnüşini giriziň. Baha, mukdar we özüne gymmat awtomatiki gelýär.
A5: Sene | B5: Haryt | C5: Sany | D5: Töleg Görnüşi | E5: Birlik Bahasy (TMT) | F5: Mukdary (TMT) | G5: Özüne Gymmaty (TMT) | I5: ← 6-njy setir MYSALDYR, pozup öz maglumatyňyzy girizip bilersiňiz.
A6: 46302 | B6: Çaý | C6: 12 | D6: Nagt | E6: =IF(B6="","",IFERROR(INDEX(Harytlar!$C$5:$C$44,MATCH(B6,Harytlar!$A$5:$A$44,0)),"")) -> 15 | F6: =IF(OR(C6="",E6=""),"",C6*E6) -> 180 | G6: =IF(OR(C6="",B6=""),"",IFERROR(C6*INDEX(Harytlar!$D$5:$D$44,MATCH(B6,Harytlar!$A$5:$A$44,0)),"")) -> 48
A7: 46302 | B7: Şokolad | C7: 45 | E7: =IF(B7="","",IFERROR(INDEX(Harytlar!$C$5:$C$44,MATCH(B7,Harytlar!$A$5:$A$44,0)),"")) -> 30 | F7: =IF(OR(C7="",E7=""),"",C7*E7) -> 1350 | G7: =IF(OR(C7="",B7=""),"",IFERROR(C7*INDEX(Harytlar!$D$5:$D$44,MATCH(B7,Harytlar!$A$5:$A$44,0)),"")) -> 675
E8: =IF(B8="","",IFERROR(INDEX(Harytlar!$C$5:$C$44,MATCH(B8,Harytlar!$A$5:$A$44,0)),"")) | F8: =IF(OR(C8="",E8=""),"",C8*E8) | G8: =IF(OR(C8="",B8=""),"",IFERROR(C8*INDEX(Harytlar!$D$5:$D$44,MATCH(B8,Harytlar!$A$5:$A$44,0)),""))
E9: =IF(B9="","",IFERROR(INDEX(Harytlar!$C$5:$C$44,MATCH(B9,Harytlar!$A$5:$A$44,0)),"")) | F9: =IF(OR(C9="",E9=""),"",C9*E9) | G9: =IF(OR(C9="",B9=""),"",IFERROR(C9*INDEX(Harytlar!$D$5:$D$44,MATCH(B9,Harytlar!$A$5:$A$44,0)),""))
E10: =IF(B10="","",IFERROR(INDEX(Harytlar!$C$5:$C$44,MATCH(B10,Harytlar!$A$5:$A$44,0)),"")) | F10: =IF(OR(C10="",E10=""),"",C10*E10) | G10: =IF(OR(C10="",B10=""),"",IFERROR(C10*INDEX(Harytlar!$D$5:$D$44,MATCH(B10,Harytlar!$A$5:$A$44,0)),""))
E11: =IF(B11="","",IFERROR(INDEX(Harytlar!$C$5:$C$44,MATCH(B11,Harytlar!$A$5:$A$44,0)),"")) | F11: =IF(OR(C11="",E11=""),"",C11*E11) | G11: =IF(OR(C11="",B11=""),"",IFERROR(C11*INDEX(Harytlar!$D$5:$D$44,MATCH(B11,Harytlar!$A$5:$A$44,0)),""))
E12: =IF(B12="","",IFERROR(INDEX(Harytlar!$C$5:$C$44,MATCH(B12,Harytlar!$A$5:$A$44,0)),"")) | F12: =IF(OR(C12="",E12=""),"",C12*E12) | G12: =IF(OR(C12="",B12=""),"",IFERROR(C12*INDEX(Harytlar!$D$5:$D$44,MATCH(B12,Harytlar!$A$5:$A$44,0)),""))
E13: =IF(B13="","",IFERROR(INDEX(Harytlar!$C$5:$C$44,MATCH(B13,Harytlar!$A$5:$A$44,0)),"")) | F13: =IF(OR(C13="",E13=""),"",C13*E13) | G13: =IF(OR(C13="",B13=""),"",IFERROR(C13*INDEX(Harytlar!$D$5:$D$44,MATCH(B13,Harytlar!$A$5:$A$44,0)),""))
E14: =IF(B14="","",IFERROR(INDEX(Harytlar!$C$5:$C$44,MATCH(B14,Harytlar!$A$5:$A$44,0)),"")) | F14: =IF(OR(C14="",E14=""),"",C14*E14) | G14: =IF(OR(C14="",B14=""),"",IFERROR(C14*INDEX(Harytlar!$D$5:$D$44,MATCH(B14,Harytlar!$A$5:$A$44,0)),""))
E15: =IF(B15="","",IFERROR(INDEX(Harytlar!$C$5:$C$44,MATCH(B15,Harytlar!$A$5:$A$44,0)),"")) | F15: =IF(OR(C15="",E15=""),"",C15*E15) | G15: =IF(OR(C15="",B15=""),"",IFERROR(C15*INDEX(Harytlar!$D$5:$D$44,MATCH(B15,Harytlar!$A$5:$A$44,0)),""))
E16: =IF(B16="","",IFERROR(INDEX(Harytlar!$C$5:$C$44,MATCH(B16,Harytlar!$A$5:$A$44,0)),"")) | F16: =IF(OR(C16="",E16=""),"",C16*E16) | G16: =IF(OR(C16="",B16=""),"",IFERROR(C16*INDEX(Harytlar!$D$5:$D$44,MATCH(B16,Harytlar!$A$5:$A$44,0)),""))
E17: =IF(B17="","",IFERROR(INDEX(Harytlar!$C$5:$C$44,MATCH(B17,Harytlar!$A$5:$A$44,0)),"")) | F17: =IF(OR(C17="",E17=""),"",C17*E17) | G17: =IF(OR(C17="",B17=""),"",IFERROR(C17*INDEX(Harytlar!$D$5:$D$44,MATCH(B17,Harytlar!$A$5:$A$44,0)),""))
E18: =IF(B18="","",IFERROR(INDEX(Harytlar!$C$5:$C$44,MATCH(B18,Harytlar!$A$5:$A$44,0)),"")) | F18: =IF(OR(C18="",E18=""),"",C18*E18) | G18: =IF(OR(C18="",B18=""),"",IFERROR(C18*INDEX(Harytlar!$D$5:$D$44,MATCH(B18,Harytlar!$A$5:$A$44,0)),""))
E19: =IF(B19="","",IFERROR(INDEX(Harytlar!$C$5:$C$44,MATCH(B19,Harytlar!$A$5:$A$44,0)),"")) | F19: =IF(OR(C19="",E19=""),"",C19*E19) | G19: =IF(OR(C19="",B19=""),"",IFERROR(C19*INDEX(Harytlar!$D$5:$D$44,MATCH(B19,Harytlar!$A$5:$A$44,0)),""))
... E5005: =IF(B5005="","",IFERROR(INDEX(Harytlar!$C$5:$C$44,MATCH(B5005,Harytlar!$A$5:$A$44,0)),"")) | F5005: =IF(OR(C5005="",E5005=""),"",C5005*E5005) | G5005: =IF(OR(C5005="",B5005=""),"",IFERROR(C5005*INDEX(Harytlar!$D$5:$D$44,MATCH(B5005,Harytlar!$A$5:$A$44,0)),""))

Sheet Çykdajylar
A1: Çykdajy Ýazgylary
A2: Kärende, elektrik, işgärler, arassalyk ýaly işleriň çykdajylary. (Haryt satyn almak bu ýere ýazylmaýar; satylan harytyň özüne gymmaty Satuw sahypasyndan awtomatiki hasaplanýar.)
A5: Sene | B5: Kategoriýa | C5: Düşündiriş | D5: Mukdary (TMT) | F5: ← 6-njy setir MYSALDYR, pozup bilersiňiz.
A6: 46296 | B6: Arassalyk/Material | C6: Käse, salfetka, ýuwujy serişde | D6: 350

Sheet Haryt Gelişi
A1: Haryt Gelişi (Satyn Alnan Harytlar)
A2: Üpjünçiden gelen harytlary şu ýere giriziň. Ammar Ýagdaýy sahypasy awtomatiki täzelenýär.
A5: Sene | B5: Haryt | C5: Gelen Sany | D5: Alyş Bahasy (TMT) | E5: Jemi (TMT) | F5: Üpjünçi / Bellik | H5: ← 6-njy setir MYSALDYR, pozup bilersiňiz.
A6: 46300 | B6: Suw 0,5L | C6: 100 | D6: 4 | E6: =IF(OR(C6="",D6=""),"",C6*D6) -> 400 | F6: Mysal üpjünçi
E7: =IF(OR(C7="",D7=""),"",C7*D7)
E8: =IF(OR(C8="",D8=""),"",C8*D8)
E9: =IF(OR(C9="",D9=""),"",C9*D9)
E10: =IF(OR(C10="",D10=""),"",C10*D10)
E11: =IF(OR(C11="",D11=""),"",C11*D11)
E12: =IF(OR(C12="",D12=""),"",C12*D12)
E13: =IF(OR(C13="",D13=""),"",C13*D13)
E14: =IF(OR(C14="",D14=""),"",C14*D14)
E15: =IF(OR(C15="",D15=""),"",C15*D15)
E16: =IF(OR(C16="",D16=""),"",C16*D16)
E17: =IF(OR(C17="",D17=""),"",C17*D17)
E18: =IF(OR(C18="",D18=""),"",C18*D18)
... E1005: =IF(OR(C1005="",D1005=""),"",C1005*D1005)

Sheet Ammar Ýagdaýy
A1: Ammar Ýagdaýy
A2: Doly awtomatiki. Galan ammar = Başlangyç + Gelen − Satylan. Iň az mukdara düşen harytlar gyzyl görünýär.
A4: Haryt | B4: Başlangyç Ammar | C4: Gelen | D4: Satylan | E4: Galan Ammar | F4: Iň Az Ammar | G4: Ýagdaý
A5: =IF(Harytlar!A5="","",Harytlar!A5) -> Çaý | B5: =IF(A5="","",N(Harytlar!G5)) -> 200 | C5: =IF(A5="","",SUMIFS('Haryt Gelişi'!$C$6:$C$1005,'Haryt Gelişi'!$B$6:$B$1005,A5)) -> 0 | D5: =IF(A5="","",SUMIFS(Satuw!$C$6:$C$5005,Satuw!$B$6:$B$5005,A5)) -> 12 | E5: =IF(A5="","",B5+C5-D5) -> 188 | F5: =IF(A5="","",N(Harytlar!H5)) -> 50 | G5: =IF(A5="","",IF(E5<=F5,"SARGYT BER","Ýeterlik")) -> Ýeterlik
A6: =IF(Harytlar!A6="","",Harytlar!A6) -> Türk kofesi | B6: =IF(A6="","",N(Harytlar!G6)) -> 100 | C6: =IF(A6="","",SUMIFS('Haryt Gelişi'!$C$6:$C$1005,'Haryt Gelişi'!$B$6:$B$1005,A6)) -> 0 | D6: =IF(A6="","",SUMIFS(Satuw!$C$6:$C$5005,Satuw!$B$6:$B$5005,A6)) -> 0 | E6: =IF(A6="","",B6+C6-D6) -> 100 | F6: =IF(A6="","",N(Harytlar!H6)) -> 30 | G6: =IF(A6="","",IF(E6<=F6,"SARGYT BER","Ýeterlik")) -> Ýeterlik
A7: =IF(Harytlar!A7="","",Harytlar!A7) -> Filtr kofe | B7: =IF(A7="","",N(Harytlar!G7)) -> 100 | C7: =IF(A7="","",SUMIFS('Haryt Gelişi'!$C$6:$C$1005,'Haryt Gelişi'!$B$6:$B$1005,A7)) -> 0 | D7: =IF(A7="","",SUMIFS(Satuw!$C$6:$C$5005,Satuw!$B$6:$B$5005,A7)) -> 0 | E7: =IF(A7="","",B7+C7-D7) -> 100 | F7: =IF(A7="","",N(Harytlar!H7)) -> 30 | G7: =IF(A7="","",IF(E7<=F7,"SARGYT BER","Ýeterlik")) -> Ýeterlik
A8: =IF(Harytlar!A8="","",Harytlar!A8) -> Nescafe | B8: =IF(A8="","",N(Harytlar!G8)) -> 150 | C8: =IF(A8="","",SUMIFS('Haryt Gelişi'!$C$6:$C$1005,'Haryt Gelişi'!$B$6:$B$1005,A8)) -> 0 | D8: =IF(A8="","",SUMIFS(Satuw!$C$6:$C$5005,Satuw!$B$6:$B$5005,A8)) -> 0 | E8: =IF(A8="","",B8+C8-D8) -> 150 | F8: =IF(A8="","",N(Harytlar!H8)) -> 40 | G8: =IF(A8="","",IF(E8<=F8,"SARGYT BER","Ýeterlik")) -> Ýeterlik
A9: =IF(Harytlar!A9="","",Harytlar!A9) -> Suw 0,5L | B9: =IF(A9="","",N(Harytlar!G9)) -> 200 | C9: =IF(A9="","",SUMIFS('Haryt Gelişi'!$C$6:$C$1005,'Haryt Gelişi'!$B$6:$B$1005,A9)) -> 100 | D9: =IF(A9="","",SUMIFS(Satuw!$C$6:$C$5005,Satuw!$B$6:$B$5005,A9)) -> 0 | E9: =IF(A9="","",B9+C9-D9) -> 300 | F9: =IF(A9="","",N(Harytlar!H9)) -> 50 | G9: =IF(A9="","",IF(E9<=F9,"SARGYT BER","Ýeterlik")) -> Ýeterlik
A10: =IF(Harytlar!A10="","",Harytlar!A10) -> Soda | B10: =IF(A10="","",N(Harytlar!G10)) -> 100 | C10: =IF(A10="","",SUMIFS('Haryt Gelişi'!$C$6:$C$1005,'Haryt Gelişi'!$B$6:$B$1005,A10)) -> 0 | D10: =IF(A10="","",SUMIFS(Satuw!$C$6:$C$5005,Satuw!$B$6:$B$5005,A10)) -> 0 | E10: =IF(A10="","",B10+C10-D10) -> 100 | F10: =IF(A10="","",N(Harytlar!H10)) -> 30 | G10: =IF(A10="","",IF(E10<=F10,"SARGYT BER","Ýeterlik")) -> Ýeterlik
A11: =IF(Harytlar!A11="","",Harytlar!A11) -> Miwe suwy | B11: =IF(A11="","",N(Harytlar!G11)) -> 60 | C11: =IF(A11="","",SUMIFS('Haryt Gelişi'!$C$6:$C$1005,'Haryt Gelişi'!$B$6:$B$1005,A11)) -> 0 | D11: =IF(A11="","",SUMIFS(Satuw!$C$6:$C$5005,Satuw!$B$6:$B$5005,A11)) -> 0 | E11: =IF(A11="","",B11+C11-D11) -> 60 | F11: =IF(A11="","",N(Harytlar!H11)) -> 20 | G11: =IF(A11="","",IF(E11<=F11,"SARGYT BER","Ýeterlik")) -> Ýeterlik
A12: =IF(Harytlar!A12="","",Harytlar!A12) -> Peçenye | B12: =IF(A12="","",N(Harytlar!G12)) -> 50 | C12: =IF(A12="","",SUMIFS('Haryt Gelişi'!$C$6:$C$1005,'Haryt Gelişi'!$B$6:$B$1005,A12)) -> 0 | D12: =IF(A12="","",SUMIFS(Satuw!$C$6:$C$5005,Satuw!$B$6:$B$5005,A12)) -> 0 | E12: =IF(A12="","",B12+C12-D12) -> 50 | F12: =IF(A12="","",N(Harytlar!H12)) -> 15 | G12: =IF(A12="","",IF(E12<=F12,"SARGYT BER","Ýeterlik")) -> Ýeterlik
A13: =IF(Harytlar!A13="","",Harytlar!A13) -> Şokolad | B13: =IF(A13="","",N(Harytlar!G13)) -> 50 | C13: =IF(A13="","",SUMIFS('Haryt Gelişi'!$C$6:$C$1005,'Haryt Gelişi'!$B$6:$B$1005,A13)) -> 0 | D13: =IF(A13="","",SUMIFS(Satuw!$C$6:$C$5005,Satuw!$B$6:$B$5005,A13)) -> 45 | E13: =IF(A13="","",B13+C13-D13) -> 5 | F13: =IF(A13="","",N(Harytlar!H13)) -> 15 | G13: =IF(A13="","",IF(E13<=F13,"SARGYT BER","Ýeterlik")) -> SARGYT BER
A14: =IF(Harytlar!A14="","",Harytlar!A14) | B14: =IF(A14="","",N(Harytlar!G14)) | C14: =IF(A14="","",SUMIFS('Haryt Gelişi'!$C$6:$C$1005,'Haryt Gelişi'!$B$6:$B$1005,A14)) | D14: =IF(A14="","",SUMIFS(Satuw!$C$6:$C$5005,Satuw!$B$6:$B$5005,A14)) | E14: =IF(A14="","",B14+C14-D14) | F14: =IF(A14="","",N(Harytlar!H14)) | G14: =IF(A14="","",IF(E14<=F14,"SARGYT BER","Ýeterlik"))
A15: =IF(Harytlar!A15="","",Harytlar!A15) | B15: =IF(A15="","",N(Harytlar!G15)) | C15: =IF(A15="","",SUMIFS('Haryt Gelişi'!$C$6:$C$1005,'Haryt Gelişi'!$B$6:$B$1005,A15)) | D15: =IF(A15="","",SUMIFS(Satuw!$C$6:$C$5005,Satuw!$B$6:$B$5005,A15)) | E15: =IF(A15="","",B15+C15-D15) | F15: =IF(A15="","",N(Harytlar!H15)) | G15: =IF(A15="","",IF(E15<=F15,"SARGYT BER","Ýeterlik"))
A16: =IF(Harytlar!A16="","",Harytlar!A16) | B16: =IF(A16="","",N(Harytlar!G16)) | C16: =IF(A16="","",SUMIFS('Haryt Gelişi'!$C$6:$C$1005,'Haryt Gelişi'!$B$6:$B$1005,A16)) | D16: =IF(A16="","",SUMIFS(Satuw!$C$6:$C$5005,Satuw!$B$6:$B$5005,A16)) | E16: =IF(A16="","",B16+C16-D16) | F16: =IF(A16="","",N(Harytlar!H16)) | G16: =IF(A16="","",IF(E16<=F16,"SARGYT BER","Ýeterlik"))
... A44: =IF(Harytlar!A44="","",Harytlar!A44) | B44: =IF(A44="","",N(Harytlar!G44)) | C44: =IF(A44="","",SUMIFS('Haryt Gelişi'!$C$6:$C$1005,'Haryt Gelişi'!$B$6:$B$1005,A44)) | D44: =IF(A44="","",SUMIFS(Satuw!$C$6:$C$5005,Satuw!$B$6:$B$5005,A44)) | E44: =IF(A44="","",B44+C44-D44) | F44: =IF(A44="","",N(Harytlar!H44)) | G44: =IF(A44="","",IF(E44<=F44,"SARGYT BER","Ýeterlik"))

Sheet Harytlar
A1: Haryt Sanawy we Bahalar
A2: Sary öýjükler doldurylmaly ýerlerdir. Bahalar we özüne gymmatlar MYSALDYR, öz bahalaryňyz bilen çalşyň.
A4: Haryt | B4: Kategoriýa | C4: Satuw Bahasy (TMT) | D4: Birligiň Özüne Gymmaty (TMT) | E4: Birlik Peýda (TMT) | F4: Peýda Marjasy | G4: Başlangyç Ammar (sany) | H4: Iň Az Ammar (sany)
A5: Çaý | B5: Gyzgyn içgi | C5: 15 | D5: 4 | E5: =IF(OR(C5="",D5=""),"",C5-D5) -> 11 | F5: =IF(OR(C5="",D5="",C5=0),"",E5/C5) -> 0.73333333 | G5: 200 | H5: 50
A6: Türk kofesi | B6: Gyzgyn içgi | C6: 45 | D6: 15 | E6: =IF(OR(C6="",D6=""),"",C6-D6) -> 30 | F6: =IF(OR(C6="",D6="",C6=0),"",E6/C6) -> 0.66666667 | G6: 100 | H6: 30
A7: Filtr kofe | B7: Gyzgyn içgi | C7: 60 | D7: 20 | E7: =IF(OR(C7="",D7=""),"",C7-D7) -> 40 | F7: =IF(OR(C7="",D7="",C7=0),"",E7/C7) -> 0.66666667 | G7: 100 | H7: 30
A8: Nescafe | B8: Gyzgyn içgi | C8: 40 | D8: 12 | E8: =IF(OR(C8="",D8=""),"",C8-D8) -> 28 | F8: =IF(OR(C8="",D8="",C8=0),"",E8/C8) -> 0.7 | G8: 150 | H8: 40
A9: Suw 0,5L | B9: Sowuk içgi | C9: 10 | D9: 4 | E9: =IF(OR(C9="",D9=""),"",C9-D9) -> 6 | F9: =IF(OR(C9="",D9="",C9=0),"",E9/C9) -> 0.6 | G9: 200 | H9: 50
A10: Soda | B10: Sowuk içgi | C10: 20 | D10: 8 | E10: =IF(OR(C10="",D10=""),"",C10-D10) -> 12 | F10: =IF(OR(C10="",D10="",C10=0),"",E10/C10) -> 0.6 | G10: 100 | H10: 30
A11: Miwe suwy | B11: Sowuk içgi | C11: 30 | D11: 14 | E11: =IF(OR(C11="",D11=""),"",C11-D11) -> 16 | F11: =IF(OR(C11="",D11="",C11=0),"",E11/C11) -> 0.53333333 | G11: 60 | H11: 20
A12: Peçenye | B12: Iýmit | C12: 25 | D12: 12 | E12: =IF(OR(C12="",D12=""),"",C12-D12) -> 13 | F12: =IF(OR(C12="",D12="",C12=0),"",E12/C12) -> 0.52 | G12: 50 | H12: 15
A13: Şokolad | B13: Iýmit | C13: 30 | D13: 15 | E13: =IF(OR(C13="",D13=""),"",C13-D13) -> 15 | F13: =IF(OR(C13="",D13="",C13=0),"",E13/C13) -> 0.5 | G13: 50 | H13: 15
E14: =IF(OR(C14="",D14=""),"",C14-D14) | F14: =IF(OR(C14="",D14="",C14=0),"",E14/C14)
E15: =IF(OR(C15="",D15=""),"",C15-D15) | F15: =IF(OR(C15="",D15="",C15=0),"",E15/C15)
E16: =IF(OR(C16="",D16=""),"",C16-D16) | F16: =IF(OR(C16="",D16="",C16=0),"",E16/C16)
E17: =IF(OR(C17="",D17=""),"",C17-D17) | F17: =IF(OR(C17="",D17="",C17=0),"",E17/C17)
E18: =IF(OR(C18="",D18=""),"",C18-D18) | F18: =IF(OR(C18="",D18="",C18=0),"",E18/C18)
E19: =IF(OR(C19="",D19=""),"",C19-D19) | F19: =IF(OR(C19="",D19="",C19=0),"",E19/C19)
E20: =IF(OR(C20="",D20=""),"",C20-D20) | F20: =IF(OR(C20="",D20="",C20=0),"",E20/C20)
E21: =IF(OR(C21="",D21=""),"",C21-D21) | F21: =IF(OR(C21="",D21="",C21=0),"",E21/C21)
E22: =IF(OR(C22="",D22=""),"",C22-D22) | F22: =IF(OR(C22="",D22="",C22=0),"",E22/C22)
E23: =IF(OR(C23="",D23=""),"",C23-D23) | F23: =IF(OR(C23="",D23="",C23=0),"",E23/C23)
E24: =IF(OR(C24="",D24=""),"",C24-D24) | F24: =IF(OR(C24="",D24="",C24=0),"",E24/C24)
E25: =IF(OR(C25="",D25=""),"",C25-D25) | F25: =IF(OR(C25="",D25="",C25=0),"",E25/C25)
... E44: =IF(OR(C44="",D44=""),"",C44-D44) | F44: =IF(OR(C44="",D44="",C44=0),"",E44/C44)
A46: Bellik: Täze haryt goşmak üçin ilkinji boş sary setire ýazmak ýeterlikdir (iň köp 40 haryt). Çaý/kofe ýaly harytlar üçin ammary 'käse/porsiýa' hasabynda girizse bolýar.
